{"sections":{"top_categories_DbqRp9":{"type":"top-categories","disabled":true,"settings":{"title":"","bean-bag":"Bean Bag,Sofa Mudda,Football Bean Bag,Teardrop Bean Bag,Lounger Bean Bag,Mudda Bean Bag Sofa With Beans","water_bottle":"Copper Bottle Plain,Copper Bottle Printed,Copper Bottle With Glass,Copper Bottle,Plain Bottle"}},"banner":{"type":"main-collection-banner","settings":{"show_collection_description":true,"show_collection_image":false,"color_scheme":"background-1"}},"product-grid":{"type":"main-collection-product-grid","settings":{"products_per_page":16,"columns_desktop":4,"color_scheme":"background-1","image_ratio":"adapt","image_shape":"default","show_secondary_image":false,"show_vendor":false,"show_rating":false,"enable_quick_add":false,"enable_filtering":true,"filter_type":"horizontal","enable_sorting":true,"columns_mobile":"2","padding_top":36,"padding_bottom":36}}},"order":["top_categories_DbqRp9","banner","product-grid"]}