{"sections":{"image_banner":{"type":"image-banner","blocks":{"heading":{"type":"heading","settings":{"heading":"Browse our latest products","heading_size":"h0"}},"button":{"type":"buttons","settings":{"button_label_1":"Shop all","button_link_1":"shopify:\/\/collections\/all","button_style_secondary_1":true,"button_label_2":"","button_link_2":"","button_style_secondary_2":false}}},"block_order":["heading","button"],"settings":{"image_overlay_opacity":40,"image_height":"large","desktop_content_position":"bottom-center","show_text_box":false,"desktop_content_alignment":"center","color_scheme":"inverse","image_behavior":"none","mobile_content_alignment":"center","stack_images_on_mobile":false,"show_text_below":false}},"featured_collection":{"type":"featured-collection","settings":{"title":"Featured products","heading_size":"h2","description":"","show_description":false,"description_style":"body","collection":"all","products_to_show":8,"columns_desktop":4,"full_width":false,"show_view_all":true,"view_all_style":"solid","enable_desktop_slider":false,"color_scheme":"background-1","image_ratio":"adapt","image_shape":"default","show_secondary_image":true,"show_vendor":false,"show_rating":false,"enable_quick_add":false,"columns_mobile":"2","swipe_on_mobile":false,"padding_top":44,"padding_bottom":36}},"just_for_testing_zfzrEg":{"type":"just-for-testing","blocks":{"select_rDwcPV":{"type":"Select","settings":{"imgurl":"shopify:\/\/shop_images\/WhatsAppImage2023-08-28at2.07.16PM_c76067b5-0e46-40bc-857e-4191756d9fcd.jpg"}},"select_jmYEMi":{"type":"Select","settings":{"imgurl":"shopify:\/\/shop_images\/WhatsAppImage2023-08-28at2.41.09PM_d5158daa-2160-4053-a4f0-ce052fc60993.jpg"}},"select_qaAjDR":{"type":"Select","settings":{"imgurl":"shopify:\/\/shop_images\/123.webp"}}},"block_order":["select_rDwcPV","select_jmYEMi","select_qaAjDR"],"settings":{}},"featured_product2_eirJhY":{"type":"featured-product2","settings":{"product":"demo","title":"","padding-top":30,"padding-bottom":30}}},"order":["image_banner","featured_collection","just_for_testing_zfzrEg","featured_product2_eirJhY"]}